study_accession	sample_accession	experiment_accession	run_accession	tax_id	scientific_name	fastq_ftp	submitted_ftp	sra_ftp
PRJNA512012	SAMN10656686	SRX5185320	SRR8375274	9606	Homo sapiens	ftp.sra.ebi.ac.uk/vol1/fastq/SRR837/004/SRR8375274/SRR8375274_1.fastq.gz;ftp.sra.ebi.ac.uk/vol1/fastq/SRR837/004/SRR8375274/SRR8375274_2.fastq.gz		ftp.sra.ebi.ac.uk/vol1/srr/SRR837/004/SRR8375274
PRJNA512012	SAMN10656685	SRX5185321	SRR8375275	9606	Homo sapiens	ftp.sra.ebi.ac.uk/vol1/fastq/SRR837/005/SRR8375275/SRR8375275_1.fastq.gz;ftp.sra.ebi.ac.uk/vol1/fastq/SRR837/005/SRR8375275/SRR8375275_2.fastq.gz		ftp.sra.ebi.ac.uk/vol1/srr/SRR837/005/SRR8375275
PRJNA512012	SAMN10656684	SRX5185322	SRR8375276	9606	Homo sapiens	ftp.sra.ebi.ac.uk/vol1/fastq/SRR837/006/SRR8375276/SRR8375276_1.fastq.gz;ftp.sra.ebi.ac.uk/vol1/fastq/SRR837/006/SRR8375276/SRR8375276_2.fastq.gz		ftp.sra.ebi.ac.uk/vol1/srr/SRR837/006/SRR8375276
PRJNA512012	SAMN10656683	SRX5185323	SRR8375277	9606	Homo sapiens	ftp.sra.ebi.ac.uk/vol1/fastq/SRR837/007/SRR8375277/SRR8375277_1.fastq.gz;ftp.sra.ebi.ac.uk/vol1/fastq/SRR837/007/SRR8375277/SRR8375277_2.fastq.gz		ftp.sra.ebi.ac.uk/vol1/srr/SRR837/007/SRR8375277
PRJNA512012	SAMN10656682	SRX5185324	SRR8375278	9606	Homo sapiens	ftp.sra.ebi.ac.uk/vol1/fastq/SRR837/008/SRR8375278/SRR8375278_1.fastq.gz;ftp.sra.ebi.ac.uk/vol1/fastq/SRR837/008/SRR8375278/SRR8375278_2.fastq.gz		ftp.sra.ebi.ac.uk/vol1/srr/SRR837/008/SRR8375278
PRJNA512012	SAMN10656681	SRX5185325	SRR8375279	9606	Homo sapiens	ftp.sra.ebi.ac.uk/vol1/fastq/SRR837/009/SRR8375279/SRR8375279_1.fastq.gz;ftp.sra.ebi.ac.uk/vol1/fastq/SRR837/009/SRR8375279/SRR8375279_2.fastq.gz		ftp.sra.ebi.ac.uk/vol1/srr/SRR837/009/SRR8375279
PRJNA512012	SAMN10656680	SRX5185326	SRR8375280	9606	Homo sapiens	ftp.sra.ebi.ac.uk/vol1/fastq/SRR837/000/SRR8375280/SRR8375280_1.fastq.gz;ftp.sra.ebi.ac.uk/vol1/fastq/SRR837/000/SRR8375280/SRR8375280_2.fastq.gz		ftp.sra.ebi.ac.uk/vol1/srr/SRR837/000/SRR8375280
PRJNA512012	SAMN10656679	SRX5185327	SRR8375281	9606	Homo sapiens	ftp.sra.ebi.ac.uk/vol1/fastq/SRR837/001/SRR8375281/SRR8375281_1.fastq.gz;ftp.sra.ebi.ac.uk/vol1/fastq/SRR837/001/SRR8375281/SRR8375281_2.fastq.gz		ftp.sra.ebi.ac.uk/vol1/srr/SRR837/001/SRR8375281
PRJNA512012	SAMN10656678	SRX5185328	SRR8375282	9606	Homo sapiens	ftp.sra.ebi.ac.uk/vol1/fastq/SRR837/002/SRR8375282/SRR8375282_1.fastq.gz;ftp.sra.ebi.ac.uk/vol1/fastq/SRR837/002/SRR8375282/SRR8375282_2.fastq.gz		ftp.sra.ebi.ac.uk/vol1/srr/SRR837/002/SRR8375282
PRJNA512012	SAMN10656677	SRX5185329	SRR8375283	9606	Homo sapiens	ftp.sra.ebi.ac.uk/vol1/fastq/SRR837/003/SRR8375283/SRR8375283_1.fastq.gz;ftp.sra.ebi.ac.uk/vol1/fastq/SRR837/003/SRR8375283/SRR8375283_2.fastq.gz		ftp.sra.ebi.ac.uk/vol1/srr/SRR837/003/SRR8375283
PRJNA512012	SAMN10656676	SRX5185330	SRR8375284	9606	Homo sapiens	ftp.sra.ebi.ac.uk/vol1/fastq/SRR837/004/SRR8375284/SRR8375284_1.fastq.gz;ftp.sra.ebi.ac.uk/vol1/fastq/SRR837/004/SRR8375284/SRR8375284_2.fastq.gz		ftp.sra.ebi.ac.uk/vol1/srr/SRR837/004/SRR8375284
PRJNA512012	SAMN10656675	SRX5185331	SRR8375285	9606	Homo sapiens	ftp.sra.ebi.ac.uk/vol1/fastq/SRR837/005/SRR8375285/SRR8375285_1.fastq.gz;ftp.sra.ebi.ac.uk/vol1/fastq/SRR837/005/SRR8375285/SRR8375285_2.fastq.gz		ftp.sra.ebi.ac.uk/vol1/srr/SRR837/005/SRR8375285
PRJNA512012	SAMN10656674	SRX5185332	SRR8375286	9606	Homo sapiens	ftp.sra.ebi.ac.uk/vol1/fastq/SRR837/006/SRR8375286/SRR8375286_1.fastq.gz;ftp.sra.ebi.ac.uk/vol1/fastq/SRR837/006/SRR8375286/SRR8375286_2.fastq.gz		ftp.sra.ebi.ac.uk/vol1/srr/SRR837/006/SRR8375286
PRJNA512012	SAMN10656673	SRX5185333	SRR8375287	9606	Homo sapiens	ftp.sra.ebi.ac.uk/vol1/fastq/SRR837/007/SRR8375287/SRR8375287_1.fastq.gz;ftp.sra.ebi.ac.uk/vol1/fastq/SRR837/007/SRR8375287/SRR8375287_2.fastq.gz		ftp.sra.ebi.ac.uk/vol1/srr/SRR837/007/SRR8375287
PRJNA512012	SAMN10656672	SRX5185334	SRR8375288	9606	Homo sapiens	ftp.sra.ebi.ac.uk/vol1/fastq/SRR837/008/SRR8375288/SRR8375288_1.fastq.gz;ftp.sra.ebi.ac.uk/vol1/fastq/SRR837/008/SRR8375288/SRR8375288_2.fastq.gz		ftp.sra.ebi.ac.uk/vol1/srr/SRR837/008/SRR8375288
PRJNA512012	SAMN10656671	SRX5185335	SRR8375289	9606	Homo sapiens	ftp.sra.ebi.ac.uk/vol1/fastq/SRR837/009/SRR8375289/SRR8375289_1.fastq.gz;ftp.sra.ebi.ac.uk/vol1/fastq/SRR837/009/SRR8375289/SRR8375289_2.fastq.gz		ftp.sra.ebi.ac.uk/vol1/srr/SRR837/009/SRR8375289
PRJNA512012	SAMN10656670	SRX5185432	SRR8375290	9606	Homo sapiens	ftp.sra.ebi.ac.uk/vol1/fastq/SRR837/000/SRR8375290/SRR8375290_1.fastq.gz;ftp.sra.ebi.ac.uk/vol1/fastq/SRR837/000/SRR8375290/SRR8375290_2.fastq.gz		ftp.sra.ebi.ac.uk/vol1/srr/SRR837/000/SRR8375290
PRJNA512012	SAMN10656669	SRX5185433	SRR8375291	9606	Homo sapiens	ftp.sra.ebi.ac.uk/vol1/fastq/SRR837/001/SRR8375291/SRR8375291_1.fastq.gz;ftp.sra.ebi.ac.uk/vol1/fastq/SRR837/001/SRR8375291/SRR8375291_2.fastq.gz		ftp.sra.ebi.ac.uk/vol1/srr/SRR837/001/SRR8375291
PRJNA512012	SAMN10656726	SRX5185434	SRR8375292	9606	Homo sapiens	ftp.sra.ebi.ac.uk/vol1/fastq/SRR837/002/SRR8375292/SRR8375292_1.fastq.gz;ftp.sra.ebi.ac.uk/vol1/fastq/SRR837/002/SRR8375292/SRR8375292_2.fastq.gz		ftp.sra.ebi.ac.uk/vol1/srr/SRR837/002/SRR8375292
PRJNA512012	SAMN10656725	SRX5185435	SRR8375293	9606	Homo sapiens	ftp.sra.ebi.ac.uk/vol1/fastq/SRR837/003/SRR8375293/SRR8375293_1.fastq.gz;ftp.sra.ebi.ac.uk/vol1/fastq/SRR837/003/SRR8375293/SRR8375293_2.fastq.gz		ftp.sra.ebi.ac.uk/vol1/srr/SRR837/003/SRR8375293
PRJNA512012	SAMN10656724	SRX5185436	SRR8375294	9606	Homo sapiens	ftp.sra.ebi.ac.uk/vol1/fastq/SRR837/004/SRR8375294/SRR8375294_1.fastq.gz;ftp.sra.ebi.ac.uk/vol1/fastq/SRR837/004/SRR8375294/SRR8375294_2.fastq.gz		ftp.sra.ebi.ac.uk/vol1/srr/SRR837/004/SRR8375294
PRJNA512012	SAMN10656723	SRX5185437	SRR8375295	9606	Homo sapiens	ftp.sra.ebi.ac.uk/vol1/fastq/SRR837/005/SRR8375295/SRR8375295_1.fastq.gz;ftp.sra.ebi.ac.uk/vol1/fastq/SRR837/005/SRR8375295/SRR8375295_2.fastq.gz		ftp.sra.ebi.ac.uk/vol1/srr/SRR837/005/SRR8375295
PRJNA512012	SAMN10656722	SRX5185438	SRR8375296	9606	Homo sapiens	ftp.sra.ebi.ac.uk/vol1/fastq/SRR837/006/SRR8375296/SRR8375296_1.fastq.gz;ftp.sra.ebi.ac.uk/vol1/fastq/SRR837/006/SRR8375296/SRR8375296_2.fastq.gz		ftp.sra.ebi.ac.uk/vol1/srr/SRR837/006/SRR8375296
PRJNA512012	SAMN10656721	SRX5185439	SRR8375297	9606	Homo sapiens	ftp.sra.ebi.ac.uk/vol1/fastq/SRR837/007/SRR8375297/SRR8375297_1.fastq.gz;ftp.sra.ebi.ac.uk/vol1/fastq/SRR837/007/SRR8375297/SRR8375297_2.fastq.gz		ftp.sra.ebi.ac.uk/vol1/srr/SRR837/007/SRR8375297
PRJNA512012	SAMN10656718	SRX5185440	SRR8375298	9606	Homo sapiens	ftp.sra.ebi.ac.uk/vol1/fastq/SRR837/008/SRR8375298/SRR8375298_1.fastq.gz;ftp.sra.ebi.ac.uk/vol1/fastq/SRR837/008/SRR8375298/SRR8375298_2.fastq.gz		ftp.sra.ebi.ac.uk/vol1/srr/SRR837/008/SRR8375298
PRJNA512012	SAMN10656717	SRX5185441	SRR8375299	9606	Homo sapiens	ftp.sra.ebi.ac.uk/vol1/fastq/SRR837/009/SRR8375299/SRR8375299_1.fastq.gz;ftp.sra.ebi.ac.uk/vol1/fastq/SRR837/009/SRR8375299/SRR8375299_2.fastq.gz		ftp.sra.ebi.ac.uk/vol1/srr/SRR837/009/SRR8375299
PRJNA512012	SAMN10656716	SRX5185442	SRR8375300	9606	Homo sapiens	ftp.sra.ebi.ac.uk/vol1/fastq/SRR837/000/SRR8375300/SRR8375300_1.fastq.gz;ftp.sra.ebi.ac.uk/vol1/fastq/SRR837/000/SRR8375300/SRR8375300_2.fastq.gz		ftp.sra.ebi.ac.uk/vol1/srr/SRR837/000/SRR8375300
PRJNA512012	SAMN10656661	SRX5185443	SRR8375301	9606	Homo sapiens	ftp.sra.ebi.ac.uk/vol1/fastq/SRR837/001/SRR8375301/SRR8375301_1.fastq.gz;ftp.sra.ebi.ac.uk/vol1/fastq/SRR837/001/SRR8375301/SRR8375301_2.fastq.gz		ftp.sra.ebi.ac.uk/vol1/srr/SRR837/001/SRR8375301
PRJNA512012	SAMN10656660	SRX5185444	SRR8375302	9606	Homo sapiens	ftp.sra.ebi.ac.uk/vol1/fastq/SRR837/002/SRR8375302/SRR8375302_1.fastq.gz;ftp.sra.ebi.ac.uk/vol1/fastq/SRR837/002/SRR8375302/SRR8375302_2.fastq.gz		ftp.sra.ebi.ac.uk/vol1/srr/SRR837/002/SRR8375302
PRJNA512012	SAMN10656659	SRX5185445	SRR8375303	9606	Homo sapiens	ftp.sra.ebi.ac.uk/vol1/fastq/SRR837/003/SRR8375303/SRR8375303_1.fastq.gz;ftp.sra.ebi.ac.uk/vol1/fastq/SRR837/003/SRR8375303/SRR8375303_2.fastq.gz		ftp.sra.ebi.ac.uk/vol1/srr/SRR837/003/SRR8375303
PRJNA512012	SAMN10656720	SRX5185446	SRR8375304	9606	Homo sapiens	ftp.sra.ebi.ac.uk/vol1/fastq/SRR837/004/SRR8375304/SRR8375304_1.fastq.gz;ftp.sra.ebi.ac.uk/vol1/fastq/SRR837/004/SRR8375304/SRR8375304_2.fastq.gz		ftp.sra.ebi.ac.uk/vol1/srr/SRR837/004/SRR8375304
PRJNA512012	SAMN10656719	SRX5185447	SRR8375305	9606	Homo sapiens	ftp.sra.ebi.ac.uk/vol1/fastq/SRR837/005/SRR8375305/SRR8375305_1.fastq.gz;ftp.sra.ebi.ac.uk/vol1/fastq/SRR837/005/SRR8375305/SRR8375305_2.fastq.gz		ftp.sra.ebi.ac.uk/vol1/srr/SRR837/005/SRR8375305
PRJNA512012	SAMN10656658	SRX5185464	SRR8375306	9606	Homo sapiens	ftp.sra.ebi.ac.uk/vol1/fastq/SRR837/006/SRR8375306/SRR8375306_1.fastq.gz;ftp.sra.ebi.ac.uk/vol1/fastq/SRR837/006/SRR8375306/SRR8375306_2.fastq.gz		ftp.sra.ebi.ac.uk/vol1/srr/SRR837/006/SRR8375306
PRJNA512012	SAMN10656657	SRX5185465	SRR8375307	9606	Homo sapiens	ftp.sra.ebi.ac.uk/vol1/fastq/SRR837/007/SRR8375307/SRR8375307_1.fastq.gz;ftp.sra.ebi.ac.uk/vol1/fastq/SRR837/007/SRR8375307/SRR8375307_2.fastq.gz		ftp.sra.ebi.ac.uk/vol1/srr/SRR837/007/SRR8375307
PRJNA512012	SAMN10656656	SRX5185466	SRR8375308	9606	Homo sapiens	ftp.sra.ebi.ac.uk/vol1/fastq/SRR837/008/SRR8375308/SRR8375308_1.fastq.gz;ftp.sra.ebi.ac.uk/vol1/fastq/SRR837/008/SRR8375308/SRR8375308_2.fastq.gz		ftp.sra.ebi.ac.uk/vol1/srr/SRR837/008/SRR8375308
PRJNA512012	SAMN10656655	SRX5185467	SRR8375309	9606	Homo sapiens	ftp.sra.ebi.ac.uk/vol1/fastq/SRR837/009/SRR8375309/SRR8375309_1.fastq.gz;ftp.sra.ebi.ac.uk/vol1/fastq/SRR837/009/SRR8375309/SRR8375309_2.fastq.gz		ftp.sra.ebi.ac.uk/vol1/srr/SRR837/009/SRR8375309
PRJNA512012	SAMN10656654	SRX5185468	SRR8375310	9606	Homo sapiens	ftp.sra.ebi.ac.uk/vol1/fastq/SRR837/000/SRR8375310/SRR8375310_1.fastq.gz;ftp.sra.ebi.ac.uk/vol1/fastq/SRR837/000/SRR8375310/SRR8375310_2.fastq.gz		ftp.sra.ebi.ac.uk/vol1/srr/SRR837/000/SRR8375310
PRJNA512012	SAMN10656653	SRX5185469	SRR8375311	9606	Homo sapiens	ftp.sra.ebi.ac.uk/vol1/fastq/SRR837/001/SRR8375311/SRR8375311_1.fastq.gz;ftp.sra.ebi.ac.uk/vol1/fastq/SRR837/001/SRR8375311/SRR8375311_2.fastq.gz		ftp.sra.ebi.ac.uk/vol1/srr/SRR837/001/SRR8375311
PRJNA512012	SAMN10656652	SRX5185470	SRR8375312	9606	Homo sapiens	ftp.sra.ebi.ac.uk/vol1/fastq/SRR837/002/SRR8375312/SRR8375312_1.fastq.gz;ftp.sra.ebi.ac.uk/vol1/fastq/SRR837/002/SRR8375312/SRR8375312_2.fastq.gz		ftp.sra.ebi.ac.uk/vol1/srr/SRR837/002/SRR8375312
PRJNA512012	SAMN10656651	SRX5185471	SRR8375313	9606	Homo sapiens	ftp.sra.ebi.ac.uk/vol1/fastq/SRR837/003/SRR8375313/SRR8375313_1.fastq.gz;ftp.sra.ebi.ac.uk/vol1/fastq/SRR837/003/SRR8375313/SRR8375313_2.fastq.gz		ftp.sra.ebi.ac.uk/vol1/srr/SRR837/003/SRR8375313
PRJNA512012	SAMN10656650	SRX5185472	SRR8375314	9606	Homo sapiens	ftp.sra.ebi.ac.uk/vol1/fastq/SRR837/004/SRR8375314/SRR8375314_1.fastq.gz;ftp.sra.ebi.ac.uk/vol1/fastq/SRR837/004/SRR8375314/SRR8375314_2.fastq.gz		ftp.sra.ebi.ac.uk/vol1/srr/SRR837/004/SRR8375314
PRJNA512012	SAMN10656649	SRX5185473	SRR8375315	9606	Homo sapiens	ftp.sra.ebi.ac.uk/vol1/fastq/SRR837/005/SRR8375315/SRR8375315_1.fastq.gz;ftp.sra.ebi.ac.uk/vol1/fastq/SRR837/005/SRR8375315/SRR8375315_2.fastq.gz		ftp.sra.ebi.ac.uk/vol1/srr/SRR837/005/SRR8375315
PRJNA512012	SAMN10656648	SRX5185474	SRR8375316	9606	Homo sapiens	ftp.sra.ebi.ac.uk/vol1/fastq/SRR837/006/SRR8375316/SRR8375316_1.fastq.gz;ftp.sra.ebi.ac.uk/vol1/fastq/SRR837/006/SRR8375316/SRR8375316_2.fastq.gz		ftp.sra.ebi.ac.uk/vol1/srr/SRR837/006/SRR8375316
PRJNA512012	SAMN10656647	SRX5185475	SRR8375317	9606	Homo sapiens	ftp.sra.ebi.ac.uk/vol1/fastq/SRR837/007/SRR8375317/SRR8375317_1.fastq.gz;ftp.sra.ebi.ac.uk/vol1/fastq/SRR837/007/SRR8375317/SRR8375317_2.fastq.gz		ftp.sra.ebi.ac.uk/vol1/srr/SRR837/007/SRR8375317
PRJNA512012	SAMN10656646	SRX5185476	SRR8375318	9606	Homo sapiens	ftp.sra.ebi.ac.uk/vol1/fastq/SRR837/008/SRR8375318/SRR8375318_1.fastq.gz;ftp.sra.ebi.ac.uk/vol1/fastq/SRR837/008/SRR8375318/SRR8375318_2.fastq.gz		ftp.sra.ebi.ac.uk/vol1/srr/SRR837/008/SRR8375318
PRJNA512012	SAMN10656645	SRX5185477	SRR8375319	9606	Homo sapiens	ftp.sra.ebi.ac.uk/vol1/fastq/SRR837/009/SRR8375319/SRR8375319_1.fastq.gz;ftp.sra.ebi.ac.uk/vol1/fastq/SRR837/009/SRR8375319/SRR8375319_2.fastq.gz		ftp.sra.ebi.ac.uk/vol1/srr/SRR837/009/SRR8375319
PRJNA512012	SAMN10656644	SRX5185478	SRR8375320	9606	Homo sapiens	ftp.sra.ebi.ac.uk/vol1/fastq/SRR837/000/SRR8375320/SRR8375320_1.fastq.gz;ftp.sra.ebi.ac.uk/vol1/fastq/SRR837/000/SRR8375320/SRR8375320_2.fastq.gz		ftp.sra.ebi.ac.uk/vol1/srr/SRR837/000/SRR8375320
PRJNA512012	SAMN10656643	SRX5185479	SRR8375321	9606	Homo sapiens	ftp.sra.ebi.ac.uk/vol1/fastq/SRR837/001/SRR8375321/SRR8375321_1.fastq.gz;ftp.sra.ebi.ac.uk/vol1/fastq/SRR837/001/SRR8375321/SRR8375321_2.fastq.gz		ftp.sra.ebi.ac.uk/vol1/srr/SRR837/001/SRR8375321
PRJNA512012	SAMN10656642	SRX5185480	SRR8375322	9606	Homo sapiens	ftp.sra.ebi.ac.uk/vol1/fastq/SRR837/002/SRR8375322/SRR8375322_1.fastq.gz;ftp.sra.ebi.ac.uk/vol1/fastq/SRR837/002/SRR8375322/SRR8375322_2.fastq.gz		ftp.sra.ebi.ac.uk/vol1/srr/SRR837/002/SRR8375322
PRJNA512012	SAMN10656641	SRX5185481	SRR8375323	9606	Homo sapiens	ftp.sra.ebi.ac.uk/vol1/fastq/SRR837/003/SRR8375323/SRR8375323_1.fastq.gz;ftp.sra.ebi.ac.uk/vol1/fastq/SRR837/003/SRR8375323/SRR8375323_2.fastq.gz		ftp.sra.ebi.ac.uk/vol1/srr/SRR837/003/SRR8375323
PRJNA512012	SAMN10656695	SRX5185482	SRR8375324	9606	Homo sapiens	ftp.sra.ebi.ac.uk/vol1/fastq/SRR837/004/SRR8375324/SRR8375324_1.fastq.gz;ftp.sra.ebi.ac.uk/vol1/fastq/SRR837/004/SRR8375324/SRR8375324_2.fastq.gz		ftp.sra.ebi.ac.uk/vol1/srr/SRR837/004/SRR8375324
PRJNA512012	SAMN10656694	SRX5185483	SRR8375325	9606	Homo sapiens	ftp.sra.ebi.ac.uk/vol1/fastq/SRR837/005/SRR8375325/SRR8375325_1.fastq.gz;ftp.sra.ebi.ac.uk/vol1/fastq/SRR837/005/SRR8375325/SRR8375325_2.fastq.gz		ftp.sra.ebi.ac.uk/vol1/srr/SRR837/005/SRR8375325
PRJNA512012	SAMN10656693	SRX5185484	SRR8375326	9606	Homo sapiens	ftp.sra.ebi.ac.uk/vol1/fastq/SRR837/006/SRR8375326/SRR8375326_1.fastq.gz;ftp.sra.ebi.ac.uk/vol1/fastq/SRR837/006/SRR8375326/SRR8375326_2.fastq.gz		ftp.sra.ebi.ac.uk/vol1/srr/SRR837/006/SRR8375326
PRJNA512012	SAMN10656692	SRX5185485	SRR8375327	9606	Homo sapiens	ftp.sra.ebi.ac.uk/vol1/fastq/SRR837/007/SRR8375327/SRR8375327_1.fastq.gz;ftp.sra.ebi.ac.uk/vol1/fastq/SRR837/007/SRR8375327/SRR8375327_2.fastq.gz		ftp.sra.ebi.ac.uk/vol1/srr/SRR837/007/SRR8375327
PRJNA512012	SAMN10656691	SRX5185486	SRR8375328	9606	Homo sapiens	ftp.sra.ebi.ac.uk/vol1/fastq/SRR837/008/SRR8375328/SRR8375328_1.fastq.gz;ftp.sra.ebi.ac.uk/vol1/fastq/SRR837/008/SRR8375328/SRR8375328_2.fastq.gz		ftp.sra.ebi.ac.uk/vol1/srr/SRR837/008/SRR8375328
PRJNA512012	SAMN10656690	SRX5185487	SRR8375329	9606	Homo sapiens	ftp.sra.ebi.ac.uk/vol1/fastq/SRR837/009/SRR8375329/SRR8375329_1.fastq.gz;ftp.sra.ebi.ac.uk/vol1/fastq/SRR837/009/SRR8375329/SRR8375329_2.fastq.gz		ftp.sra.ebi.ac.uk/vol1/srr/SRR837/009/SRR8375329
PRJNA512012	SAMN10656766	SRX5185384	SRR8375330	9606	Homo sapiens	ftp.sra.ebi.ac.uk/vol1/fastq/SRR837/000/SRR8375330/SRR8375330_1.fastq.gz;ftp.sra.ebi.ac.uk/vol1/fastq/SRR837/000/SRR8375330/SRR8375330_2.fastq.gz		ftp.sra.ebi.ac.uk/vol1/srr/SRR837/000/SRR8375330
PRJNA512012	SAMN10656764	SRX5185385	SRR8375331	9606	Homo sapiens	ftp.sra.ebi.ac.uk/vol1/fastq/SRR837/001/SRR8375331/SRR8375331_1.fastq.gz;ftp.sra.ebi.ac.uk/vol1/fastq/SRR837/001/SRR8375331/SRR8375331_2.fastq.gz		ftp.sra.ebi.ac.uk/vol1/srr/SRR837/001/SRR8375331
PRJNA512012	SAMN10656763	SRX5185386	SRR8375332	9606	Homo sapiens	ftp.sra.ebi.ac.uk/vol1/fastq/SRR837/002/SRR8375332/SRR8375332_1.fastq.gz;ftp.sra.ebi.ac.uk/vol1/fastq/SRR837/002/SRR8375332/SRR8375332_2.fastq.gz		ftp.sra.ebi.ac.uk/vol1/srr/SRR837/002/SRR8375332
PRJNA512012	SAMN10656761	SRX5185387	SRR8375333	9606	Homo sapiens	ftp.sra.ebi.ac.uk/vol1/fastq/SRR837/003/SRR8375333/SRR8375333_1.fastq.gz;ftp.sra.ebi.ac.uk/vol1/fastq/SRR837/003/SRR8375333/SRR8375333_2.fastq.gz		ftp.sra.ebi.ac.uk/vol1/srr/SRR837/003/SRR8375333
PRJNA512012	SAMN10656760	SRX5185388	SRR8375334	9606	Homo sapiens	ftp.sra.ebi.ac.uk/vol1/fastq/SRR837/004/SRR8375334/SRR8375334_1.fastq.gz;ftp.sra.ebi.ac.uk/vol1/fastq/SRR837/004/SRR8375334/SRR8375334_2.fastq.gz		ftp.sra.ebi.ac.uk/vol1/srr/SRR837/004/SRR8375334
PRJNA512012	SAMN10656759	SRX5185389	SRR8375335	9606	Homo sapiens	ftp.sra.ebi.ac.uk/vol1/fastq/SRR837/005/SRR8375335/SRR8375335_1.fastq.gz;ftp.sra.ebi.ac.uk/vol1/fastq/SRR837/005/SRR8375335/SRR8375335_2.fastq.gz		ftp.sra.ebi.ac.uk/vol1/srr/SRR837/005/SRR8375335
PRJNA512012	SAMN10656605	SRX5185390	SRR8375336	9606	Homo sapiens	ftp.sra.ebi.ac.uk/vol1/fastq/SRR837/006/SRR8375336/SRR8375336_1.fastq.gz;ftp.sra.ebi.ac.uk/vol1/fastq/SRR837/006/SRR8375336/SRR8375336_2.fastq.gz		ftp.sra.ebi.ac.uk/vol1/srr/SRR837/006/SRR8375336
PRJNA512012	SAMN10656603	SRX5185391	SRR8375337	9606	Homo sapiens	ftp.sra.ebi.ac.uk/vol1/fastq/SRR837/007/SRR8375337/SRR8375337_1.fastq.gz;ftp.sra.ebi.ac.uk/vol1/fastq/SRR837/007/SRR8375337/SRR8375337_2.fastq.gz		ftp.sra.ebi.ac.uk/vol1/srr/SRR837/007/SRR8375337
PRJNA512012	SAMN10656803	SRX5185392	SRR8375338	9606	Homo sapiens	ftp.sra.ebi.ac.uk/vol1/fastq/SRR837/008/SRR8375338/SRR8375338_1.fastq.gz;ftp.sra.ebi.ac.uk/vol1/fastq/SRR837/008/SRR8375338/SRR8375338_2.fastq.gz		ftp.sra.ebi.ac.uk/vol1/srr/SRR837/008/SRR8375338
PRJNA512012	SAMN10656614	SRX5185393	SRR8375339	9606	Homo sapiens	ftp.sra.ebi.ac.uk/vol1/fastq/SRR837/009/SRR8375339/SRR8375339_1.fastq.gz;ftp.sra.ebi.ac.uk/vol1/fastq/SRR837/009/SRR8375339/SRR8375339_2.fastq.gz		ftp.sra.ebi.ac.uk/vol1/srr/SRR837/009/SRR8375339
PRJNA512012	SAMN10656612	SRX5185394	SRR8375340	9606	Homo sapiens	ftp.sra.ebi.ac.uk/vol1/fastq/SRR837/000/SRR8375340/SRR8375340_1.fastq.gz;ftp.sra.ebi.ac.uk/vol1/fastq/SRR837/000/SRR8375340/SRR8375340_2.fastq.gz		ftp.sra.ebi.ac.uk/vol1/srr/SRR837/000/SRR8375340
PRJNA512012	SAMN10656610	SRX5185395	SRR8375341	9606	Homo sapiens	ftp.sra.ebi.ac.uk/vol1/fastq/SRR837/001/SRR8375341/SRR8375341_1.fastq.gz;ftp.sra.ebi.ac.uk/vol1/fastq/SRR837/001/SRR8375341/SRR8375341_2.fastq.gz		ftp.sra.ebi.ac.uk/vol1/srr/SRR837/001/SRR8375341
PRJNA512012	SAMN10656608	SRX5185396	SRR8375342	9606	Homo sapiens	ftp.sra.ebi.ac.uk/vol1/fastq/SRR837/002/SRR8375342/SRR8375342_1.fastq.gz;ftp.sra.ebi.ac.uk/vol1/fastq/SRR837/002/SRR8375342/SRR8375342_2.fastq.gz		ftp.sra.ebi.ac.uk/vol1/srr/SRR837/002/SRR8375342
PRJNA512012	SAMN10656607	SRX5185397	SRR8375343	9606	Homo sapiens	ftp.sra.ebi.ac.uk/vol1/fastq/SRR837/003/SRR8375343/SRR8375343_1.fastq.gz;ftp.sra.ebi.ac.uk/vol1/fastq/SRR837/003/SRR8375343/SRR8375343_2.fastq.gz		ftp.sra.ebi.ac.uk/vol1/srr/SRR837/003/SRR8375343
PRJNA512012	SAMN10656601	SRX5185398	SRR8375344	9606	Homo sapiens	ftp.sra.ebi.ac.uk/vol1/fastq/SRR837/004/SRR8375344/SRR8375344_1.fastq.gz;ftp.sra.ebi.ac.uk/vol1/fastq/SRR837/004/SRR8375344/SRR8375344_2.fastq.gz		ftp.sra.ebi.ac.uk/vol1/srr/SRR837/004/SRR8375344
PRJNA512012	SAMN10656600	SRX5185399	SRR8375345	9606	Homo sapiens	ftp.sra.ebi.ac.uk/vol1/fastq/SRR837/005/SRR8375345/SRR8375345_1.fastq.gz;ftp.sra.ebi.ac.uk/vol1/fastq/SRR837/005/SRR8375345/SRR8375345_2.fastq.gz		ftp.sra.ebi.ac.uk/vol1/srr/SRR837/005/SRR8375345
PRJNA512012	SAMN10656599	SRX5185400	SRR8375346	9606	Homo sapiens	ftp.sra.ebi.ac.uk/vol1/fastq/SRR837/006/SRR8375346/SRR8375346_1.fastq.gz;ftp.sra.ebi.ac.uk/vol1/fastq/SRR837/006/SRR8375346/SRR8375346_2.fastq.gz		ftp.sra.ebi.ac.uk/vol1/srr/SRR837/006/SRR8375346
PRJNA512012	SAMN10656598	SRX5185401	SRR8375347	9606	Homo sapiens	ftp.sra.ebi.ac.uk/vol1/fastq/SRR837/007/SRR8375347/SRR8375347_1.fastq.gz;ftp.sra.ebi.ac.uk/vol1/fastq/SRR837/007/SRR8375347/SRR8375347_2.fastq.gz		ftp.sra.ebi.ac.uk/vol1/srr/SRR837/007/SRR8375347
PRJNA512012	SAMN10656597	SRX5185402	SRR8375348	9606	Homo sapiens	ftp.sra.ebi.ac.uk/vol1/fastq/SRR837/008/SRR8375348/SRR8375348_1.fastq.gz;ftp.sra.ebi.ac.uk/vol1/fastq/SRR837/008/SRR8375348/SRR8375348_2.fastq.gz		ftp.sra.ebi.ac.uk/vol1/srr/SRR837/008/SRR8375348
PRJNA512012	SAMN10656596	SRX5185403	SRR8375349	9606	Homo sapiens	ftp.sra.ebi.ac.uk/vol1/fastq/SRR837/009/SRR8375349/SRR8375349_1.fastq.gz;ftp.sra.ebi.ac.uk/vol1/fastq/SRR837/009/SRR8375349/SRR8375349_2.fastq.gz		ftp.sra.ebi.ac.uk/vol1/srr/SRR837/009/SRR8375349
PRJNA512012	SAMN10656595	SRX5185404	SRR8375350	9606	Homo sapiens	ftp.sra.ebi.ac.uk/vol1/fastq/SRR837/000/SRR8375350/SRR8375350_1.fastq.gz;ftp.sra.ebi.ac.uk/vol1/fastq/SRR837/000/SRR8375350/SRR8375350_2.fastq.gz		ftp.sra.ebi.ac.uk/vol1/srr/SRR837/000/SRR8375350
PRJNA512012	SAMN10656594	SRX5185405	SRR8375351	9606	Homo sapiens	ftp.sra.ebi.ac.uk/vol1/fastq/SRR837/001/SRR8375351/SRR8375351_1.fastq.gz;ftp.sra.ebi.ac.uk/vol1/fastq/SRR837/001/SRR8375351/SRR8375351_2.fastq.gz		ftp.sra.ebi.ac.uk/vol1/srr/SRR837/001/SRR8375351
PRJNA512012	SAMN10656593	SRX5185406	SRR8375352	9606	Homo sapiens	ftp.sra.ebi.ac.uk/vol1/fastq/SRR837/002/SRR8375352/SRR8375352_1.fastq.gz;ftp.sra.ebi.ac.uk/vol1/fastq/SRR837/002/SRR8375352/SRR8375352_2.fastq.gz		ftp.sra.ebi.ac.uk/vol1/srr/SRR837/002/SRR8375352
PRJNA512012	SAMN10656592	SRX5185407	SRR8375353	9606	Homo sapiens	ftp.sra.ebi.ac.uk/vol1/fastq/SRR837/003/SRR8375353/SRR8375353_1.fastq.gz;ftp.sra.ebi.ac.uk/vol1/fastq/SRR837/003/SRR8375353/SRR8375353_2.fastq.gz		ftp.sra.ebi.ac.uk/vol1/srr/SRR837/003/SRR8375353
PRJNA512012	SAMN10656591	SRX5185408	SRR8375354	9606	Homo sapiens	ftp.sra.ebi.ac.uk/vol1/fastq/SRR837/004/SRR8375354/SRR8375354_1.fastq.gz;ftp.sra.ebi.ac.uk/vol1/fastq/SRR837/004/SRR8375354/SRR8375354_2.fastq.gz		ftp.sra.ebi.ac.uk/vol1/srr/SRR837/004/SRR8375354
PRJNA512012	SAMN10656590	SRX5185409	SRR8375355	9606	Homo sapiens	ftp.sra.ebi.ac.uk/vol1/fastq/SRR837/005/SRR8375355/SRR8375355_1.fastq.gz;ftp.sra.ebi.ac.uk/vol1/fastq/SRR837/005/SRR8375355/SRR8375355_2.fastq.gz		ftp.sra.ebi.ac.uk/vol1/srr/SRR837/005/SRR8375355
PRJNA512012	SAMN10656589	SRX5185410	SRR8375356	9606	Homo sapiens	ftp.sra.ebi.ac.uk/vol1/fastq/SRR837/006/SRR8375356/SRR8375356_1.fastq.gz;ftp.sra.ebi.ac.uk/vol1/fastq/SRR837/006/SRR8375356/SRR8375356_2.fastq.gz		ftp.sra.ebi.ac.uk/vol1/srr/SRR837/006/SRR8375356
PRJNA512012	SAMN10656588	SRX5185411	SRR8375357	9606	Homo sapiens	ftp.sra.ebi.ac.uk/vol1/fastq/SRR837/007/SRR8375357/SRR8375357_1.fastq.gz;ftp.sra.ebi.ac.uk/vol1/fastq/SRR837/007/SRR8375357/SRR8375357_2.fastq.gz		ftp.sra.ebi.ac.uk/vol1/srr/SRR837/007/SRR8375357
PRJNA512012	SAMN10656640	SRX5185412	SRR8375358	9606	Homo sapiens	ftp.sra.ebi.ac.uk/vol1/fastq/SRR837/008/SRR8375358/SRR8375358_1.fastq.gz;ftp.sra.ebi.ac.uk/vol1/fastq/SRR837/008/SRR8375358/SRR8375358_2.fastq.gz		ftp.sra.ebi.ac.uk/vol1/srr/SRR837/008/SRR8375358
PRJNA512012	SAMN10656639	SRX5185413	SRR8375359	9606	Homo sapiens	ftp.sra.ebi.ac.uk/vol1/fastq/SRR837/009/SRR8375359/SRR8375359_1.fastq.gz;ftp.sra.ebi.ac.uk/vol1/fastq/SRR837/009/SRR8375359/SRR8375359_2.fastq.gz		ftp.sra.ebi.ac.uk/vol1/srr/SRR837/009/SRR8375359
PRJNA512012	SAMN10656638	SRX5185414	SRR8375360	9606	Homo sapiens	ftp.sra.ebi.ac.uk/vol1/fastq/SRR837/000/SRR8375360/SRR8375360_1.fastq.gz;ftp.sra.ebi.ac.uk/vol1/fastq/SRR837/000/SRR8375360/SRR8375360_2.fastq.gz		ftp.sra.ebi.ac.uk/vol1/srr/SRR837/000/SRR8375360
PRJNA512012	SAMN10656715	SRX5185415	SRR8375361	9606	Homo sapiens	ftp.sra.ebi.ac.uk/vol1/fastq/SRR837/001/SRR8375361/SRR8375361_1.fastq.gz;ftp.sra.ebi.ac.uk/vol1/fastq/SRR837/001/SRR8375361/SRR8375361_2.fastq.gz		ftp.sra.ebi.ac.uk/vol1/srr/SRR837/001/SRR8375361
PRJNA512012	SAMN10656714	SRX5185416	SRR8375362	9606	Homo sapiens	ftp.sra.ebi.ac.uk/vol1/fastq/SRR837/002/SRR8375362/SRR8375362_1.fastq.gz;ftp.sra.ebi.ac.uk/vol1/fastq/SRR837/002/SRR8375362/SRR8375362_2.fastq.gz		ftp.sra.ebi.ac.uk/vol1/srr/SRR837/002/SRR8375362
PRJNA512012	SAMN10656713	SRX5185417	SRR8375363	9606	Homo sapiens	ftp.sra.ebi.ac.uk/vol1/fastq/SRR837/003/SRR8375363/SRR8375363_1.fastq.gz;ftp.sra.ebi.ac.uk/vol1/fastq/SRR837/003/SRR8375363/SRR8375363_2.fastq.gz		ftp.sra.ebi.ac.uk/vol1/srr/SRR837/003/SRR8375363
PRJNA512012	SAMN10656712	SRX5185418	SRR8375364	9606	Homo sapiens	ftp.sra.ebi.ac.uk/vol1/fastq/SRR837/004/SRR8375364/SRR8375364_1.fastq.gz;ftp.sra.ebi.ac.uk/vol1/fastq/SRR837/004/SRR8375364/SRR8375364_2.fastq.gz		ftp.sra.ebi.ac.uk/vol1/srr/SRR837/004/SRR8375364
PRJNA512012	SAMN10656706	SRX5185419	SRR8375365	9606	Homo sapiens	ftp.sra.ebi.ac.uk/vol1/fastq/SRR837/005/SRR8375365/SRR8375365_1.fastq.gz;ftp.sra.ebi.ac.uk/vol1/fastq/SRR837/005/SRR8375365/SRR8375365_2.fastq.gz		ftp.sra.ebi.ac.uk/vol1/srr/SRR837/005/SRR8375365
PRJNA512012	SAMN10656705	SRX5185420	SRR8375366	9606	Homo sapiens	ftp.sra.ebi.ac.uk/vol1/fastq/SRR837/006/SRR8375366/SRR8375366_1.fastq.gz;ftp.sra.ebi.ac.uk/vol1/fastq/SRR837/006/SRR8375366/SRR8375366_2.fastq.gz		ftp.sra.ebi.ac.uk/vol1/srr/SRR837/006/SRR8375366
PRJNA512012	SAMN10656704	SRX5185421	SRR8375367	9606	Homo sapiens	ftp.sra.ebi.ac.uk/vol1/fastq/SRR837/007/SRR8375367/SRR8375367_1.fastq.gz;ftp.sra.ebi.ac.uk/vol1/fastq/SRR837/007/SRR8375367/SRR8375367_2.fastq.gz		ftp.sra.ebi.ac.uk/vol1/srr/SRR837/007/SRR8375367
PRJNA512012	SAMN10656711	SRX5185422	SRR8375368	9606	Homo sapiens	ftp.sra.ebi.ac.uk/vol1/fastq/SRR837/008/SRR8375368/SRR8375368_1.fastq.gz;ftp.sra.ebi.ac.uk/vol1/fastq/SRR837/008/SRR8375368/SRR8375368_2.fastq.gz		ftp.sra.ebi.ac.uk/vol1/srr/SRR837/008/SRR8375368
PRJNA512012	SAMN10656710	SRX5185423	SRR8375369	9606	Homo sapiens	ftp.sra.ebi.ac.uk/vol1/fastq/SRR837/009/SRR8375369/SRR8375369_1.fastq.gz;ftp.sra.ebi.ac.uk/vol1/fastq/SRR837/009/SRR8375369/SRR8375369_2.fastq.gz		ftp.sra.ebi.ac.uk/vol1/srr/SRR837/009/SRR8375369
PRJNA512012	SAMN10656709	SRX5185424	SRR8375370	9606	Homo sapiens	ftp.sra.ebi.ac.uk/vol1/fastq/SRR837/000/SRR8375370/SRR8375370_1.fastq.gz;ftp.sra.ebi.ac.uk/vol1/fastq/SRR837/000/SRR8375370/SRR8375370_2.fastq.gz		ftp.sra.ebi.ac.uk/vol1/srr/SRR837/000/SRR8375370
PRJNA512012	SAMN10656708	SRX5185425	SRR8375371	9606	Homo sapiens	ftp.sra.ebi.ac.uk/vol1/fastq/SRR837/001/SRR8375371/SRR8375371_1.fastq.gz;ftp.sra.ebi.ac.uk/vol1/fastq/SRR837/001/SRR8375371/SRR8375371_2.fastq.gz		ftp.sra.ebi.ac.uk/vol1/srr/SRR837/001/SRR8375371
PRJNA512012	SAMN10656707	SRX5185426	SRR8375372	9606	Homo sapiens	ftp.sra.ebi.ac.uk/vol1/fastq/SRR837/002/SRR8375372/SRR8375372_1.fastq.gz;ftp.sra.ebi.ac.uk/vol1/fastq/SRR837/002/SRR8375372/SRR8375372_2.fastq.gz		ftp.sra.ebi.ac.uk/vol1/srr/SRR837/002/SRR8375372
PRJNA512012	SAMN10656703	SRX5185427	SRR8375373	9606	Homo sapiens	ftp.sra.ebi.ac.uk/vol1/fastq/SRR837/003/SRR8375373/SRR8375373_1.fastq.gz;ftp.sra.ebi.ac.uk/vol1/fastq/SRR837/003/SRR8375373/SRR8375373_2.fastq.gz		ftp.sra.ebi.ac.uk/vol1/srr/SRR837/003/SRR8375373
PRJNA512012	SAMN10656702	SRX5185428	SRR8375374	9606	Homo sapiens	ftp.sra.ebi.ac.uk/vol1/fastq/SRR837/004/SRR8375374/SRR8375374_1.fastq.gz;ftp.sra.ebi.ac.uk/vol1/fastq/SRR837/004/SRR8375374/SRR8375374_2.fastq.gz		ftp.sra.ebi.ac.uk/vol1/srr/SRR837/004/SRR8375374
PRJNA512012	SAMN10656701	SRX5185429	SRR8375375	9606	Homo sapiens	ftp.sra.ebi.ac.uk/vol1/fastq/SRR837/005/SRR8375375/SRR8375375_1.fastq.gz;ftp.sra.ebi.ac.uk/vol1/fastq/SRR837/005/SRR8375375/SRR8375375_2.fastq.gz		ftp.sra.ebi.ac.uk/vol1/srr/SRR837/005/SRR8375375
PRJNA512012	SAMN10656700	SRX5185430	SRR8375376	9606	Homo sapiens	ftp.sra.ebi.ac.uk/vol1/fastq/SRR837/006/SRR8375376/SRR8375376_1.fastq.gz;ftp.sra.ebi.ac.uk/vol1/fastq/SRR837/006/SRR8375376/SRR8375376_2.fastq.gz		ftp.sra.ebi.ac.uk/vol1/srr/SRR837/006/SRR8375376
PRJNA512012	SAMN10656699	SRX5185431	SRR8375377	9606	Homo sapiens	ftp.sra.ebi.ac.uk/vol1/fastq/SRR837/007/SRR8375377/SRR8375377_1.fastq.gz;ftp.sra.ebi.ac.uk/vol1/fastq/SRR837/007/SRR8375377/SRR8375377_2.fastq.gz		ftp.sra.ebi.ac.uk/vol1/srr/SRR837/007/SRR8375377
PRJNA512012	SAMN10656698	SRX5185448	SRR8375378	9606	Homo sapiens	ftp.sra.ebi.ac.uk/vol1/fastq/SRR837/008/SRR8375378/SRR8375378_1.fastq.gz;ftp.sra.ebi.ac.uk/vol1/fastq/SRR837/008/SRR8375378/SRR8375378_2.fastq.gz		ftp.sra.ebi.ac.uk/vol1/srr/SRR837/008/SRR8375378
PRJNA512012	SAMN10656697	SRX5185449	SRR8375379	9606	Homo sapiens	ftp.sra.ebi.ac.uk/vol1/fastq/SRR837/009/SRR8375379/SRR8375379_1.fastq.gz;ftp.sra.ebi.ac.uk/vol1/fastq/SRR837/009/SRR8375379/SRR8375379_2.fastq.gz		ftp.sra.ebi.ac.uk/vol1/srr/SRR837/009/SRR8375379
PRJNA512012	SAMN10656696	SRX5185450	SRR8375380	9606	Homo sapiens	ftp.sra.ebi.ac.uk/vol1/fastq/SRR837/000/SRR8375380/SRR8375380_1.fastq.gz;ftp.sra.ebi.ac.uk/vol1/fastq/SRR837/000/SRR8375380/SRR8375380_2.fastq.gz		ftp.sra.ebi.ac.uk/vol1/srr/SRR837/000/SRR8375380
PRJNA512012	SAMN10656757	SRX5185451	SRR8375381	9606	Homo sapiens	ftp.sra.ebi.ac.uk/vol1/fastq/SRR837/001/SRR8375381/SRR8375381_1.fastq.gz;ftp.sra.ebi.ac.uk/vol1/fastq/SRR837/001/SRR8375381/SRR8375381_2.fastq.gz		ftp.sra.ebi.ac.uk/vol1/srr/SRR837/001/SRR8375381
PRJNA512012	SAMN10656756	SRX5185452	SRR8375382	9606	Homo sapiens	ftp.sra.ebi.ac.uk/vol1/fastq/SRR837/002/SRR8375382/SRR8375382_1.fastq.gz;ftp.sra.ebi.ac.uk/vol1/fastq/SRR837/002/SRR8375382/SRR8375382_2.fastq.gz		ftp.sra.ebi.ac.uk/vol1/srr/SRR837/002/SRR8375382
PRJNA512012	SAMN10656755	SRX5185453	SRR8375383	9606	Homo sapiens	ftp.sra.ebi.ac.uk/vol1/fastq/SRR837/003/SRR8375383/SRR8375383_1.fastq.gz;ftp.sra.ebi.ac.uk/vol1/fastq/SRR837/003/SRR8375383/SRR8375383_2.fastq.gz		ftp.sra.ebi.ac.uk/vol1/srr/SRR837/003/SRR8375383
PRJNA512012	SAMN10656754	SRX5185454	SRR8375384	9606	Homo sapiens	ftp.sra.ebi.ac.uk/vol1/fastq/SRR837/004/SRR8375384/SRR8375384_1.fastq.gz;ftp.sra.ebi.ac.uk/vol1/fastq/SRR837/004/SRR8375384/SRR8375384_2.fastq.gz		ftp.sra.ebi.ac.uk/vol1/srr/SRR837/004/SRR8375384
PRJNA512012	SAMN10656753	SRX5185455	SRR8375385	9606	Homo sapiens	ftp.sra.ebi.ac.uk/vol1/fastq/SRR837/005/SRR8375385/SRR8375385_1.fastq.gz;ftp.sra.ebi.ac.uk/vol1/fastq/SRR837/005/SRR8375385/SRR8375385_2.fastq.gz		ftp.sra.ebi.ac.uk/vol1/srr/SRR837/005/SRR8375385
PRJNA512012	SAMN10656752	SRX5185456	SRR8375386	9606	Homo sapiens	ftp.sra.ebi.ac.uk/vol1/fastq/SRR837/006/SRR8375386/SRR8375386_1.fastq.gz;ftp.sra.ebi.ac.uk/vol1/fastq/SRR837/006/SRR8375386/SRR8375386_2.fastq.gz		ftp.sra.ebi.ac.uk/vol1/srr/SRR837/006/SRR8375386
PRJNA512012	SAMN10656751	SRX5185457	SRR8375387	9606	Homo sapiens	ftp.sra.ebi.ac.uk/vol1/fastq/SRR837/007/SRR8375387/SRR8375387_1.fastq.gz;ftp.sra.ebi.ac.uk/vol1/fastq/SRR837/007/SRR8375387/SRR8375387_2.fastq.gz		ftp.sra.ebi.ac.uk/vol1/srr/SRR837/007/SRR8375387
PRJNA512012	SAMN10656750	SRX5185458	SRR8375388	9606	Homo sapiens	ftp.sra.ebi.ac.uk/vol1/fastq/SRR837/008/SRR8375388/SRR8375388_1.fastq.gz;ftp.sra.ebi.ac.uk/vol1/fastq/SRR837/008/SRR8375388/SRR8375388_2.fastq.gz		ftp.sra.ebi.ac.uk/vol1/srr/SRR837/008/SRR8375388
PRJNA512012	SAMN10656749	SRX5185459	SRR8375389	9606	Homo sapiens	ftp.sra.ebi.ac.uk/vol1/fastq/SRR837/009/SRR8375389/SRR8375389_1.fastq.gz;ftp.sra.ebi.ac.uk/vol1/fastq/SRR837/009/SRR8375389/SRR8375389_2.fastq.gz		ftp.sra.ebi.ac.uk/vol1/srr/SRR837/009/SRR8375389
PRJNA512012	SAMN10656748	SRX5185460	SRR8375390	9606	Homo sapiens	ftp.sra.ebi.ac.uk/vol1/fastq/SRR837/000/SRR8375390/SRR8375390_1.fastq.gz;ftp.sra.ebi.ac.uk/vol1/fastq/SRR837/000/SRR8375390/SRR8375390_2.fastq.gz		ftp.sra.ebi.ac.uk/vol1/srr/SRR837/000/SRR8375390
PRJNA512012	SAMN10656747	SRX5185461	SRR8375391	9606	Homo sapiens	ftp.sra.ebi.ac.uk/vol1/fastq/SRR837/001/SRR8375391/SRR8375391_1.fastq.gz;ftp.sra.ebi.ac.uk/vol1/fastq/SRR837/001/SRR8375391/SRR8375391_2.fastq.gz		ftp.sra.ebi.ac.uk/vol1/srr/SRR837/001/SRR8375391
PRJNA512012	SAMN10656746	SRX5185462	SRR8375392	9606	Homo sapiens	ftp.sra.ebi.ac.uk/vol1/fastq/SRR837/002/SRR8375392/SRR8375392_1.fastq.gz;ftp.sra.ebi.ac.uk/vol1/fastq/SRR837/002/SRR8375392/SRR8375392_2.fastq.gz		ftp.sra.ebi.ac.uk/vol1/srr/SRR837/002/SRR8375392
PRJNA512012	SAMN10656745	SRX5185463	SRR8375393	9606	Homo sapiens	ftp.sra.ebi.ac.uk/vol1/fastq/SRR837/003/SRR8375393/SRR8375393_1.fastq.gz;ftp.sra.ebi.ac.uk/vol1/fastq/SRR837/003/SRR8375393/SRR8375393_2.fastq.gz		ftp.sra.ebi.ac.uk/vol1/srr/SRR837/003/SRR8375393
PRJNA512012	SAMN10656689	SRX5185488	SRR8375394	9606	Homo sapiens	ftp.sra.ebi.ac.uk/vol1/fastq/SRR837/004/SRR8375394/SRR8375394_1.fastq.gz;ftp.sra.ebi.ac.uk/vol1/fastq/SRR837/004/SRR8375394/SRR8375394_2.fastq.gz		ftp.sra.ebi.ac.uk/vol1/srr/SRR837/004/SRR8375394
PRJNA512012	SAMN10656688	SRX5185489	SRR8375395	9606	Homo sapiens	ftp.sra.ebi.ac.uk/vol1/fastq/SRR837/005/SRR8375395/SRR8375395_1.fastq.gz;ftp.sra.ebi.ac.uk/vol1/fastq/SRR837/005/SRR8375395/SRR8375395_2.fastq.gz		ftp.sra.ebi.ac.uk/vol1/srr/SRR837/005/SRR8375395
PRJNA512012	SAMN10656687	SRX5185490	SRR8375396	9606	Homo sapiens	ftp.sra.ebi.ac.uk/vol1/fastq/SRR837/006/SRR8375396/SRR8375396_1.fastq.gz;ftp.sra.ebi.ac.uk/vol1/fastq/SRR837/006/SRR8375396/SRR8375396_2.fastq.gz		ftp.sra.ebi.ac.uk/vol1/srr/SRR837/006/SRR8375396
PRJNA512012	SAMN10656637	SRX5185491	SRR8375397	9606	Homo sapiens	ftp.sra.ebi.ac.uk/vol1/fastq/SRR837/007/SRR8375397/SRR8375397_1.fastq.gz;ftp.sra.ebi.ac.uk/vol1/fastq/SRR837/007/SRR8375397/SRR8375397_2.fastq.gz		ftp.sra.ebi.ac.uk/vol1/srr/SRR837/007/SRR8375397
PRJNA512012	SAMN10656636	SRX5185492	SRR8375398	9606	Homo sapiens	ftp.sra.ebi.ac.uk/vol1/fastq/SRR837/008/SRR8375398/SRR8375398_1.fastq.gz;ftp.sra.ebi.ac.uk/vol1/fastq/SRR837/008/SRR8375398/SRR8375398_2.fastq.gz		ftp.sra.ebi.ac.uk/vol1/srr/SRR837/008/SRR8375398
PRJNA512012	SAMN10656635	SRX5185493	SRR8375399	9606	Homo sapiens	ftp.sra.ebi.ac.uk/vol1/fastq/SRR837/009/SRR8375399/SRR8375399_1.fastq.gz;ftp.sra.ebi.ac.uk/vol1/fastq/SRR837/009/SRR8375399/SRR8375399_2.fastq.gz		ftp.sra.ebi.ac.uk/vol1/srr/SRR837/009/SRR8375399
PRJNA512012	SAMN10656634	SRX5185494	SRR8375400	9606	Homo sapiens	ftp.sra.ebi.ac.uk/vol1/fastq/SRR837/000/SRR8375400/SRR8375400_1.fastq.gz;ftp.sra.ebi.ac.uk/vol1/fastq/SRR837/000/SRR8375400/SRR8375400_2.fastq.gz		ftp.sra.ebi.ac.uk/vol1/srr/SRR837/000/SRR8375400
PRJNA512012	SAMN10656633	SRX5185495	SRR8375401	9606	Homo sapiens	ftp.sra.ebi.ac.uk/vol1/fastq/SRR837/001/SRR8375401/SRR8375401_1.fastq.gz;ftp.sra.ebi.ac.uk/vol1/fastq/SRR837/001/SRR8375401/SRR8375401_2.fastq.gz		ftp.sra.ebi.ac.uk/vol1/srr/SRR837/001/SRR8375401
PRJNA512012	SAMN10656632	SRX5185336	SRR8375402	9606	Homo sapiens	ftp.sra.ebi.ac.uk/vol1/fastq/SRR837/002/SRR8375402/SRR8375402_1.fastq.gz;ftp.sra.ebi.ac.uk/vol1/fastq/SRR837/002/SRR8375402/SRR8375402_2.fastq.gz		ftp.sra.ebi.ac.uk/vol1/srr/SRR837/002/SRR8375402
PRJNA512012	SAMN10656631	SRX5185337	SRR8375403	9606	Homo sapiens	ftp.sra.ebi.ac.uk/vol1/fastq/SRR837/003/SRR8375403/SRR8375403_1.fastq.gz;ftp.sra.ebi.ac.uk/vol1/fastq/SRR837/003/SRR8375403/SRR8375403_2.fastq.gz		ftp.sra.ebi.ac.uk/vol1/srr/SRR837/003/SRR8375403
PRJNA512012	SAMN10656630	SRX5185338	SRR8375404	9606	Homo sapiens	ftp.sra.ebi.ac.uk/vol1/fastq/SRR837/004/SRR8375404/SRR8375404_1.fastq.gz;ftp.sra.ebi.ac.uk/vol1/fastq/SRR837/004/SRR8375404/SRR8375404_2.fastq.gz		ftp.sra.ebi.ac.uk/vol1/srr/SRR837/004/SRR8375404
PRJNA512012	SAMN10656629	SRX5185339	SRR8375405	9606	Homo sapiens	ftp.sra.ebi.ac.uk/vol1/fastq/SRR837/005/SRR8375405/SRR8375405_1.fastq.gz;ftp.sra.ebi.ac.uk/vol1/fastq/SRR837/005/SRR8375405/SRR8375405_2.fastq.gz		ftp.sra.ebi.ac.uk/vol1/srr/SRR837/005/SRR8375405
PRJNA512012	SAMN10656628	SRX5185340	SRR8375406	9606	Homo sapiens	ftp.sra.ebi.ac.uk/vol1/fastq/SRR837/006/SRR8375406/SRR8375406_1.fastq.gz;ftp.sra.ebi.ac.uk/vol1/fastq/SRR837/006/SRR8375406/SRR8375406_2.fastq.gz		ftp.sra.ebi.ac.uk/vol1/srr/SRR837/006/SRR8375406
PRJNA512012	SAMN10656627	SRX5185341	SRR8375407	9606	Homo sapiens	ftp.sra.ebi.ac.uk/vol1/fastq/SRR837/007/SRR8375407/SRR8375407_1.fastq.gz;ftp.sra.ebi.ac.uk/vol1/fastq/SRR837/007/SRR8375407/SRR8375407_2.fastq.gz		ftp.sra.ebi.ac.uk/vol1/srr/SRR837/007/SRR8375407
PRJNA512012	SAMN10656626	SRX5185342	SRR8375408	9606	Homo sapiens	ftp.sra.ebi.ac.uk/vol1/fastq/SRR837/008/SRR8375408/SRR8375408_1.fastq.gz;ftp.sra.ebi.ac.uk/vol1/fastq/SRR837/008/SRR8375408/SRR8375408_2.fastq.gz		ftp.sra.ebi.ac.uk/vol1/srr/SRR837/008/SRR8375408
PRJNA512012	SAMN10656625	SRX5185343	SRR8375409	9606	Homo sapiens	ftp.sra.ebi.ac.uk/vol1/fastq/SRR837/009/SRR8375409/SRR8375409_1.fastq.gz;ftp.sra.ebi.ac.uk/vol1/fastq/SRR837/009/SRR8375409/SRR8375409_2.fastq.gz		ftp.sra.ebi.ac.uk/vol1/srr/SRR837/009/SRR8375409
PRJNA512012	SAMN10656624	SRX5185344	SRR8375410	9606	Homo sapiens	ftp.sra.ebi.ac.uk/vol1/fastq/SRR837/000/SRR8375410/SRR8375410_1.fastq.gz;ftp.sra.ebi.ac.uk/vol1/fastq/SRR837/000/SRR8375410/SRR8375410_2.fastq.gz		ftp.sra.ebi.ac.uk/vol1/srr/SRR837/000/SRR8375410
PRJNA512012	SAMN10656623	SRX5185345	SRR8375411	9606	Homo sapiens	ftp.sra.ebi.ac.uk/vol1/fastq/SRR837/001/SRR8375411/SRR8375411_1.fastq.gz;ftp.sra.ebi.ac.uk/vol1/fastq/SRR837/001/SRR8375411/SRR8375411_2.fastq.gz		ftp.sra.ebi.ac.uk/vol1/srr/SRR837/001/SRR8375411
PRJNA512012	SAMN10656622	SRX5185346	SRR8375412	9606	Homo sapiens	ftp.sra.ebi.ac.uk/vol1/fastq/SRR837/002/SRR8375412/SRR8375412_1.fastq.gz;ftp.sra.ebi.ac.uk/vol1/fastq/SRR837/002/SRR8375412/SRR8375412_2.fastq.gz		ftp.sra.ebi.ac.uk/vol1/srr/SRR837/002/SRR8375412
PRJNA512012	SAMN10656621	SRX5185347	SRR8375413	9606	Homo sapiens	ftp.sra.ebi.ac.uk/vol1/fastq/SRR837/003/SRR8375413/SRR8375413_1.fastq.gz;ftp.sra.ebi.ac.uk/vol1/fastq/SRR837/003/SRR8375413/SRR8375413_2.fastq.gz		ftp.sra.ebi.ac.uk/vol1/srr/SRR837/003/SRR8375413
PRJNA512012	SAMN10656620	SRX5185348	SRR8375414	9606	Homo sapiens	ftp.sra.ebi.ac.uk/vol1/fastq/SRR837/004/SRR8375414/SRR8375414_1.fastq.gz;ftp.sra.ebi.ac.uk/vol1/fastq/SRR837/004/SRR8375414/SRR8375414_2.fastq.gz		ftp.sra.ebi.ac.uk/vol1/srr/SRR837/004/SRR8375414
PRJNA512012	SAMN10656619	SRX5185349	SRR8375415	9606	Homo sapiens	ftp.sra.ebi.ac.uk/vol1/fastq/SRR837/005/SRR8375415/SRR8375415_1.fastq.gz;ftp.sra.ebi.ac.uk/vol1/fastq/SRR837/005/SRR8375415/SRR8375415_2.fastq.gz		ftp.sra.ebi.ac.uk/vol1/srr/SRR837/005/SRR8375415
PRJNA512012	SAMN10656618	SRX5185350	SRR8375416	9606	Homo sapiens	ftp.sra.ebi.ac.uk/vol1/fastq/SRR837/006/SRR8375416/SRR8375416_1.fastq.gz;ftp.sra.ebi.ac.uk/vol1/fastq/SRR837/006/SRR8375416/SRR8375416_2.fastq.gz		ftp.sra.ebi.ac.uk/vol1/srr/SRR837/006/SRR8375416
PRJNA512012	SAMN10656617	SRX5185351	SRR8375417	9606	Homo sapiens	ftp.sra.ebi.ac.uk/vol1/fastq/SRR837/007/SRR8375417/SRR8375417_1.fastq.gz;ftp.sra.ebi.ac.uk/vol1/fastq/SRR837/007/SRR8375417/SRR8375417_2.fastq.gz		ftp.sra.ebi.ac.uk/vol1/srr/SRR837/007/SRR8375417
PRJNA512012	SAMN10656616	SRX5185352	SRR8375418	9606	Homo sapiens	ftp.sra.ebi.ac.uk/vol1/fastq/SRR837/008/SRR8375418/SRR8375418_1.fastq.gz;ftp.sra.ebi.ac.uk/vol1/fastq/SRR837/008/SRR8375418/SRR8375418_2.fastq.gz		ftp.sra.ebi.ac.uk/vol1/srr/SRR837/008/SRR8375418
PRJNA512012	SAMN10656615	SRX5185353	SRR8375419	9606	Homo sapiens	ftp.sra.ebi.ac.uk/vol1/fastq/SRR837/009/SRR8375419/SRR8375419_1.fastq.gz;ftp.sra.ebi.ac.uk/vol1/fastq/SRR837/009/SRR8375419/SRR8375419_2.fastq.gz		ftp.sra.ebi.ac.uk/vol1/srr/SRR837/009/SRR8375419
PRJNA512012	SAMN10656668	SRX5185354	SRR8375420	9606	Homo sapiens	ftp.sra.ebi.ac.uk/vol1/fastq/SRR837/000/SRR8375420/SRR8375420_1.fastq.gz;ftp.sra.ebi.ac.uk/vol1/fastq/SRR837/000/SRR8375420/SRR8375420_2.fastq.gz		ftp.sra.ebi.ac.uk/vol1/srr/SRR837/000/SRR8375420
PRJNA512012	SAMN10656667	SRX5185355	SRR8375421	9606	Homo sapiens	ftp.sra.ebi.ac.uk/vol1/fastq/SRR837/001/SRR8375421/SRR8375421_1.fastq.gz;ftp.sra.ebi.ac.uk/vol1/fastq/SRR837/001/SRR8375421/SRR8375421_2.fastq.gz		ftp.sra.ebi.ac.uk/vol1/srr/SRR837/001/SRR8375421
PRJNA512012	SAMN10656666	SRX5185356	SRR8375422	9606	Homo sapiens	ftp.sra.ebi.ac.uk/vol1/fastq/SRR837/002/SRR8375422/SRR8375422_1.fastq.gz;ftp.sra.ebi.ac.uk/vol1/fastq/SRR837/002/SRR8375422/SRR8375422_2.fastq.gz		ftp.sra.ebi.ac.uk/vol1/srr/SRR837/002/SRR8375422
PRJNA512012	SAMN10656665	SRX5185357	SRR8375423	9606	Homo sapiens	ftp.sra.ebi.ac.uk/vol1/fastq/SRR837/003/SRR8375423/SRR8375423_1.fastq.gz;ftp.sra.ebi.ac.uk/vol1/fastq/SRR837/003/SRR8375423/SRR8375423_2.fastq.gz		ftp.sra.ebi.ac.uk/vol1/srr/SRR837/003/SRR8375423
PRJNA512012	SAMN10656664	SRX5185358	SRR8375424	9606	Homo sapiens	ftp.sra.ebi.ac.uk/vol1/fastq/SRR837/004/SRR8375424/SRR8375424_1.fastq.gz;ftp.sra.ebi.ac.uk/vol1/fastq/SRR837/004/SRR8375424/SRR8375424_2.fastq.gz		ftp.sra.ebi.ac.uk/vol1/srr/SRR837/004/SRR8375424
PRJNA512012	SAMN10656663	SRX5185359	SRR8375425	9606	Homo sapiens	ftp.sra.ebi.ac.uk/vol1/fastq/SRR837/005/SRR8375425/SRR8375425_1.fastq.gz;ftp.sra.ebi.ac.uk/vol1/fastq/SRR837/005/SRR8375425/SRR8375425_2.fastq.gz		ftp.sra.ebi.ac.uk/vol1/srr/SRR837/005/SRR8375425
PRJNA512012	SAMN10656662	SRX5185360	SRR8375426	9606	Homo sapiens	ftp.sra.ebi.ac.uk/vol1/fastq/SRR837/006/SRR8375426/SRR8375426_1.fastq.gz;ftp.sra.ebi.ac.uk/vol1/fastq/SRR837/006/SRR8375426/SRR8375426_2.fastq.gz		ftp.sra.ebi.ac.uk/vol1/srr/SRR837/006/SRR8375426
PRJNA512012	SAMN10656730	SRX5185361	SRR8375427	9606	Homo sapiens	ftp.sra.ebi.ac.uk/vol1/fastq/SRR837/007/SRR8375427/SRR8375427_1.fastq.gz;ftp.sra.ebi.ac.uk/vol1/fastq/SRR837/007/SRR8375427/SRR8375427_2.fastq.gz		ftp.sra.ebi.ac.uk/vol1/srr/SRR837/007/SRR8375427
PRJNA512012	SAMN10656728	SRX5185362	SRR8375428	9606	Homo sapiens	ftp.sra.ebi.ac.uk/vol1/fastq/SRR837/008/SRR8375428/SRR8375428_1.fastq.gz;ftp.sra.ebi.ac.uk/vol1/fastq/SRR837/008/SRR8375428/SRR8375428_2.fastq.gz		ftp.sra.ebi.ac.uk/vol1/srr/SRR837/008/SRR8375428
PRJNA512012	SAMN10656727	SRX5185363	SRR8375429	9606	Homo sapiens	ftp.sra.ebi.ac.uk/vol1/fastq/SRR837/009/SRR8375429/SRR8375429_1.fastq.gz;ftp.sra.ebi.ac.uk/vol1/fastq/SRR837/009/SRR8375429/SRR8375429_2.fastq.gz		ftp.sra.ebi.ac.uk/vol1/srr/SRR837/009/SRR8375429
PRJNA512012	SAMN10656793	SRX5185364	SRR8375430	9606	Homo sapiens	ftp.sra.ebi.ac.uk/vol1/fastq/SRR837/000/SRR8375430/SRR8375430_1.fastq.gz;ftp.sra.ebi.ac.uk/vol1/fastq/SRR837/000/SRR8375430/SRR8375430_2.fastq.gz		ftp.sra.ebi.ac.uk/vol1/srr/SRR837/000/SRR8375430
PRJNA512012	SAMN10656792	SRX5185365	SRR8375431	9606	Homo sapiens	ftp.sra.ebi.ac.uk/vol1/fastq/SRR837/001/SRR8375431/SRR8375431_1.fastq.gz;ftp.sra.ebi.ac.uk/vol1/fastq/SRR837/001/SRR8375431/SRR8375431_2.fastq.gz		ftp.sra.ebi.ac.uk/vol1/srr/SRR837/001/SRR8375431
PRJNA512012	SAMN10656790	SRX5185366	SRR8375432	9606	Homo sapiens	ftp.sra.ebi.ac.uk/vol1/fastq/SRR837/002/SRR8375432/SRR8375432_1.fastq.gz;ftp.sra.ebi.ac.uk/vol1/fastq/SRR837/002/SRR8375432/SRR8375432_2.fastq.gz		ftp.sra.ebi.ac.uk/vol1/srr/SRR837/002/SRR8375432
PRJNA512012	SAMN10656789	SRX5185367	SRR8375433	9606	Homo sapiens	ftp.sra.ebi.ac.uk/vol1/fastq/SRR837/003/SRR8375433/SRR8375433_1.fastq.gz;ftp.sra.ebi.ac.uk/vol1/fastq/SRR837/003/SRR8375433/SRR8375433_2.fastq.gz		ftp.sra.ebi.ac.uk/vol1/srr/SRR837/003/SRR8375433
PRJNA512012	SAMN10656787	SRX5185368	SRR8375434	9606	Homo sapiens	ftp.sra.ebi.ac.uk/vol1/fastq/SRR837/004/SRR8375434/SRR8375434_1.fastq.gz;ftp.sra.ebi.ac.uk/vol1/fastq/SRR837/004/SRR8375434/SRR8375434_2.fastq.gz		ftp.sra.ebi.ac.uk/vol1/srr/SRR837/004/SRR8375434
PRJNA512012	SAMN10656786	SRX5185369	SRR8375435	9606	Homo sapiens	ftp.sra.ebi.ac.uk/vol1/fastq/SRR837/005/SRR8375435/SRR8375435_1.fastq.gz;ftp.sra.ebi.ac.uk/vol1/fastq/SRR837/005/SRR8375435/SRR8375435_2.fastq.gz		ftp.sra.ebi.ac.uk/vol1/srr/SRR837/005/SRR8375435
PRJNA512012	SAMN10656784	SRX5185370	SRR8375436	9606	Homo sapiens	ftp.sra.ebi.ac.uk/vol1/fastq/SRR837/006/SRR8375436/SRR8375436_1.fastq.gz;ftp.sra.ebi.ac.uk/vol1/fastq/SRR837/006/SRR8375436/SRR8375436_2.fastq.gz		ftp.sra.ebi.ac.uk/vol1/srr/SRR837/006/SRR8375436
PRJNA512012	SAMN10656783	SRX5185371	SRR8375437	9606	Homo sapiens	ftp.sra.ebi.ac.uk/vol1/fastq/SRR837/007/SRR8375437/SRR8375437_1.fastq.gz;ftp.sra.ebi.ac.uk/vol1/fastq/SRR837/007/SRR8375437/SRR8375437_2.fastq.gz		ftp.sra.ebi.ac.uk/vol1/srr/SRR837/007/SRR8375437
PRJNA512012	SAMN10656782	SRX5185372	SRR8375438	9606	Homo sapiens	ftp.sra.ebi.ac.uk/vol1/fastq/SRR837/008/SRR8375438/SRR8375438_1.fastq.gz;ftp.sra.ebi.ac.uk/vol1/fastq/SRR837/008/SRR8375438/SRR8375438_2.fastq.gz		ftp.sra.ebi.ac.uk/vol1/srr/SRR837/008/SRR8375438
PRJNA512012	SAMN10656780	SRX5185373	SRR8375439	9606	Homo sapiens	ftp.sra.ebi.ac.uk/vol1/fastq/SRR837/009/SRR8375439/SRR8375439_1.fastq.gz;ftp.sra.ebi.ac.uk/vol1/fastq/SRR837/009/SRR8375439/SRR8375439_2.fastq.gz		ftp.sra.ebi.ac.uk/vol1/srr/SRR837/009/SRR8375439
PRJNA512012	SAMN10656779	SRX5185374	SRR8375440	9606	Homo sapiens	ftp.sra.ebi.ac.uk/vol1/fastq/SRR837/000/SRR8375440/SRR8375440_1.fastq.gz;ftp.sra.ebi.ac.uk/vol1/fastq/SRR837/000/SRR8375440/SRR8375440_2.fastq.gz		ftp.sra.ebi.ac.uk/vol1/srr/SRR837/000/SRR8375440
PRJNA512012	SAMN10656778	SRX5185375	SRR8375441	9606	Homo sapiens	ftp.sra.ebi.ac.uk/vol1/fastq/SRR837/001/SRR8375441/SRR8375441_1.fastq.gz;ftp.sra.ebi.ac.uk/vol1/fastq/SRR837/001/SRR8375441/SRR8375441_2.fastq.gz		ftp.sra.ebi.ac.uk/vol1/srr/SRR837/001/SRR8375441
PRJNA512012	SAMN10656776	SRX5185376	SRR8375442	9606	Homo sapiens	ftp.sra.ebi.ac.uk/vol1/fastq/SRR837/002/SRR8375442/SRR8375442_1.fastq.gz;ftp.sra.ebi.ac.uk/vol1/fastq/SRR837/002/SRR8375442/SRR8375442_2.fastq.gz		ftp.sra.ebi.ac.uk/vol1/srr/SRR837/002/SRR8375442
PRJNA512012	SAMN10656775	SRX5185377	SRR8375443	9606	Homo sapiens	ftp.sra.ebi.ac.uk/vol1/fastq/SRR837/003/SRR8375443/SRR8375443_1.fastq.gz;ftp.sra.ebi.ac.uk/vol1/fastq/SRR837/003/SRR8375443/SRR8375443_2.fastq.gz		ftp.sra.ebi.ac.uk/vol1/srr/SRR837/003/SRR8375443
PRJNA512012	SAMN10656774	SRX5185378	SRR8375444	9606	Homo sapiens	ftp.sra.ebi.ac.uk/vol1/fastq/SRR837/004/SRR8375444/SRR8375444_1.fastq.gz;ftp.sra.ebi.ac.uk/vol1/fastq/SRR837/004/SRR8375444/SRR8375444_2.fastq.gz		ftp.sra.ebi.ac.uk/vol1/srr/SRR837/004/SRR8375444
PRJNA512012	SAMN10656772	SRX5185379	SRR8375445	9606	Homo sapiens	ftp.sra.ebi.ac.uk/vol1/fastq/SRR837/005/SRR8375445/SRR8375445_1.fastq.gz;ftp.sra.ebi.ac.uk/vol1/fastq/SRR837/005/SRR8375445/SRR8375445_2.fastq.gz		ftp.sra.ebi.ac.uk/vol1/srr/SRR837/005/SRR8375445
PRJNA512012	SAMN10656771	SRX5185380	SRR8375446	9606	Homo sapiens	ftp.sra.ebi.ac.uk/vol1/fastq/SRR837/006/SRR8375446/SRR8375446_1.fastq.gz;ftp.sra.ebi.ac.uk/vol1/fastq/SRR837/006/SRR8375446/SRR8375446_2.fastq.gz		ftp.sra.ebi.ac.uk/vol1/srr/SRR837/006/SRR8375446
PRJNA512012	SAMN10656770	SRX5185381	SRR8375447	9606	Homo sapiens	ftp.sra.ebi.ac.uk/vol1/fastq/SRR837/007/SRR8375447/SRR8375447_1.fastq.gz;ftp.sra.ebi.ac.uk/vol1/fastq/SRR837/007/SRR8375447/SRR8375447_2.fastq.gz		ftp.sra.ebi.ac.uk/vol1/srr/SRR837/007/SRR8375447
PRJNA512012	SAMN10656768	SRX5185382	SRR8375448	9606	Homo sapiens	ftp.sra.ebi.ac.uk/vol1/fastq/SRR837/008/SRR8375448/SRR8375448_1.fastq.gz;ftp.sra.ebi.ac.uk/vol1/fastq/SRR837/008/SRR8375448/SRR8375448_2.fastq.gz		ftp.sra.ebi.ac.uk/vol1/srr/SRR837/008/SRR8375448
PRJNA512012	SAMN10656767	SRX5185383	SRR8375449	9606	Homo sapiens	ftp.sra.ebi.ac.uk/vol1/fastq/SRR837/009/SRR8375449/SRR8375449_1.fastq.gz;ftp.sra.ebi.ac.uk/vol1/fastq/SRR837/009/SRR8375449/SRR8375449_2.fastq.gz		ftp.sra.ebi.ac.uk/vol1/srr/SRR837/009/SRR8375449
